{"cameraMode":{"drawMode":0,"name":"Shaded","section":"Shading Mode"},"sceneLighting":true,"audioPlay":false,"sceneViewState":{"showFog":true,"showMaterialUpdate":false,"showSkybox":true,"showFlares":true,"showImageEffects":true,"showParticleSystems":true},"in2DMode":false,"pivot":{"x":3.134733200073242,"y":1.5141830444335938,"z":-2.623281717300415},"rotation":{"x":0.00037114694714546204,"y":0.9995788931846619,"z":-0.014694816432893277,"w":0.02519083023071289},"size":1.979809284210205,"orthographic":false}