{"cameraMode":{"drawMode":0,"name":"Shaded","section":"Shading Mode"},"sceneLighting":true,"audioPlay":false,"sceneViewState":{"showFog":true,"showMaterialUpdate":false,"showSkybox":true,"showFlares":true,"showImageEffects":true,"showParticleSystems":true},"in2DMode":false,"pivot":{"x":3.1587448120117189,"y":1.3876385688781739,"z":-2.5954267978668215},"rotation":{"x":0.0010928362607955933,"y":0.9987560510635376,"z":-0.043172985315322879,"w":0.025172056630253793},"size":1.0798094272613526,"orthographic":false}