{"cameraMode":{"drawMode":0,"name":"Shaded","section":"Shading Mode"},"sceneLighting":true,"audioPlay":false,"sceneViewState":{"showFog":true,"showMaterialUpdate":false,"showSkybox":true,"showFlares":true,"showImageEffects":true,"showParticleSystems":true},"in2DMode":false,"pivot":{"x":5.808032989501953,"y":0.5998132228851318,"z":1.680953025817871},"rotation":{"x":0.08913925290107727,"y":0.6606944799423218,"z":-0.07946190237998963,"w":0.7411056160926819},"size":2.5798091888427736,"orthographic":false}