{"cameraMode":{"drawMode":0,"name":"Shaded","section":"Shading Mode"},"sceneLighting":true,"audioPlay":false,"sceneViewState":{"showFog":true,"showMaterialUpdate":false,"showSkybox":true,"showFlares":true,"showImageEffects":true,"showParticleSystems":true},"in2DMode":false,"pivot":{"x":2.9038162231445314,"y":1.4670000076293946,"z":1.8410184383392335},"rotation":{"x":0.002223849529400468,"y":0.9975416660308838,"z":-0.05962397903203964,"w":0.03712442144751549},"size":12.12435531616211,"orthographic":false}